policy_id,line_of_business,state,effective_date
POL-00001,GL,NJ,2025-01-01
POL-00002,WC,PA,2025-01-01
POL-00003,AUTO,PA,2025-01-01
POL-00004,AUTO,CT,2025-01-01
POL-00005,GL,CT,2025-01-01
POL-00006,WC,NJ,2025-01-01
POL-00007,WC,NY,2025-01-01
POL-00008,WC,NJ,2025-01-01
POL-00009,GL,PA,2025-01-01
POL-00010,WC,PA,2025-01-01
POL-00011,WC,NJ,2025-01-01
POL-00012,WC,CT,2025-01-01
POL-00013,AUTO,CT,2025-01-01
POL-00014,GL,PA,2025-01-01
POL-00015,PROPERTY,NJ,2025-01-01
POL-00016,GL,CT,2025-01-01
POL-00017,WC,CT,2025-01-01
POL-00018,PROPERTY,CT,2025-01-01
POL-00019,GL,NJ,2025-01-01
POL-00020,PROPERTY,NY,2025-01-01
POL-00021,GL,CT,2025-01-01
POL-00022,GL,NJ,2025-01-01
POL-00023,AUTO,NY,2025-01-01
POL-00024,GL,NJ,2025-01-01
POL-00025,WC,NJ,2025-01-01
POL-00026,PROPERTY,NY,2025-01-01
POL-00027,WC,NY,2025-01-01
POL-00028,WC,NJ,2025-01-01
POL-00029,PROPERTY,PA,2025-01-01
POL-00030,WC,CT,2025-01-01
POL-00031,AUTO,CT,2025-01-01
POL-00032,PROPERTY,NY,2025-01-01
POL-00033,WC,CT,2025-01-01
POL-00034,PROPERTY,NJ,2025-01-01
POL-00035,GL,CT,2025-01-01
POL-00036,GL,NJ,2025-01-01
POL-00037,GL,CT,2025-01-01
POL-00038,GL,PA,2025-01-01
POL-00039,WC,NY,2025-01-01
POL-00040,PROPERTY,PA,2025-01-01
POL-00041,GL,PA,2025-01-01
POL-00042,AUTO,PA,2025-01-01
POL-00043,PROPERTY,NJ,2025-01-01
POL-00044,GL,NJ,2025-01-01
POL-00045,WC,NJ,2025-01-01
POL-00046,WC,CT,2025-01-01
POL-00047,PROPERTY,CT,2025-01-01
POL-00048,WC,CT,2025-01-01
POL-00049,PROPERTY,PA,2025-01-01
POL-00050,WC,NY,2025-01-01
POL-00051,WC,CT,2025-01-01
POL-00052,WC,NY,2025-01-01
POL-00053,AUTO,NJ,2025-01-01
POL-00054,GL,PA,2025-01-01
POL-00055,WC,CT,2025-01-01
POL-00056,AUTO,NY,2025-01-01
POL-00057,WC,PA,2025-01-01
POL-00058,GL,CT,2025-01-01
POL-00059,AUTO,CT,2025-01-01
POL-00060,PROPERTY,PA,2025-01-01
POL-00061,GL,NJ,2025-01-01
POL-00062,AUTO,CT,2025-01-01
POL-00063,PROPERTY,NY,2025-01-01
POL-00064,GL,NY,2025-01-01
POL-00065,WC,CT,2025-01-01
POL-00066,PROPERTY,CT,2025-01-01
POL-00067,GL,NY,2025-01-01
POL-00068,PROPERTY,NY,2025-01-01
POL-00069,GL,NJ,2025-01-01
POL-00070,PROPERTY,PA,2025-01-01
POL-00071,PROPERTY,NY,2025-01-01
POL-00072,AUTO,NY,2025-01-01
POL-00073,WC,NJ,2025-01-01
POL-00074,PROPERTY,NJ,2025-01-01
POL-00075,AUTO,NJ,2025-01-01
POL-00076,GL,CT,2025-01-01
POL-00077,WC,PA,2025-01-01
POL-00078,PROPERTY,CT,2025-01-01
POL-00079,GL,NJ,2025-01-01
POL-00080,PROPERTY,PA,2025-01-01
POL-00081,GL,NJ,2025-01-01
POL-00082,PROPERTY,CT,2025-01-01
POL-00083,GL,NJ,2025-01-01
POL-00084,PROPERTY,NJ,2025-01-01
POL-00085,AUTO,PA,2025-01-01
POL-00086,AUTO,PA,2025-01-01
POL-00087,PROPERTY,PA,2025-01-01
POL-00088,WC,PA,2025-01-01
POL-00089,AUTO,CT,2025-01-01
POL-00090,PROPERTY,CT,2025-01-01
POL-00091,AUTO,NY,2025-01-01
POL-00092,GL,NY,2025-01-01
POL-00093,WC,NY,2025-01-01
POL-00094,WC,NY,2025-01-01
POL-00095,AUTO,PA,2025-01-01
POL-00096,GL,PA,2025-01-01
POL-00097,PROPERTY,NJ,2025-01-01
POL-00098,WC,NJ,2025-01-01
POL-00099,WC,NY,2025-01-01
POL-00100,AUTO,NY,2025-01-01
POL-00101,PROPERTY,NJ,2025-01-01
POL-00102,AUTO,NY,2025-01-01
POL-00103,WC,NY,2025-01-01
POL-00104,PROPERTY,CT,2025-01-01
POL-00105,GL,NJ,2025-01-01
POL-00106,WC,CT,2025-01-01
POL-00107,WC,CT,2025-01-01
POL-00108,AUTO,NJ,2025-01-01
POL-00109,AUTO,PA,2025-01-01
POL-00110,GL,CT,2025-01-01
POL-00111,WC,NY,2025-01-01
POL-00112,WC,NY,2025-01-01
POL-00113,WC,PA,2025-01-01
POL-00114,GL,CT,2025-01-01
POL-00115,AUTO,PA,2025-01-01
POL-00116,AUTO,PA,2025-01-01
POL-00117,AUTO,PA,2025-01-01
POL-00118,PROPERTY,NJ,2025-01-01
POL-00119,GL,NY,2025-01-01
POL-00120,GL,PA,2025-01-01
POL-00121,GL,NY,2025-01-01
POL-00122,WC,CT,2025-01-01
POL-00123,AUTO,CT,2025-01-01
POL-00124,GL,PA,2025-01-01
POL-00125,AUTO,NY,2025-01-01
POL-00126,PROPERTY,CT,2025-01-01
POL-00127,WC,NY,2025-01-01
POL-00128,WC,NJ,2025-01-01
POL-00129,PROPERTY,PA,2025-01-01
POL-00130,GL,PA,2025-01-01
POL-00131,PROPERTY,NJ,2025-01-01
POL-00132,GL,CT,2025-01-01
POL-00133,AUTO,PA,2025-01-01
POL-00134,WC,CT,2025-01-01
POL-00135,GL,PA,2025-01-01
POL-00136,AUTO,NY,2025-01-01
POL-00137,PROPERTY,NJ,2025-01-01
POL-00138,AUTO,CT,2025-01-01
POL-00139,GL,NY,2025-01-01
POL-00140,PROPERTY,NY,2025-01-01
POL-00141,GL,NJ,2025-01-01
POL-00142,PROPERTY,NY,2025-01-01
POL-00143,PROPERTY,NY,2025-01-01
POL-00144,WC,CT,2025-01-01
POL-00145,GL,PA,2025-01-01
POL-00146,WC,NJ,2025-01-01
POL-00147,GL,NJ,2025-01-01
POL-00148,WC,PA,2025-01-01
POL-00149,WC,CT,2025-01-01
POL-00150,WC,NY,2025-01-01
POL-00151,PROPERTY,NY,2025-01-01
POL-00152,WC,PA,2025-01-01
POL-00153,PROPERTY,NJ,2025-01-01
POL-00154,WC,NJ,2025-01-01
POL-00155,PROPERTY,NJ,2025-01-01
POL-00156,GL,NJ,2025-01-01
POL-00157,GL,NY,2025-01-01
POL-00158,PROPERTY,NY,2025-01-01
POL-00159,GL,CT,2025-01-01
POL-00160,PROPERTY,PA,2025-01-01
POL-00161,PROPERTY,NY,2025-01-01
POL-00162,WC,NJ,2025-01-01
POL-00163,PROPERTY,NJ,2025-01-01
POL-00164,PROPERTY,CT,2025-01-01
POL-00165,WC,CT,2025-01-01
POL-00166,PROPERTY,NJ,2025-01-01
POL-00167,PROPERTY,CT,2025-01-01
POL-00168,GL,NJ,2025-01-01
POL-00169,WC,PA,2025-01-01
POL-00170,PROPERTY,PA,2025-01-01
POL-00171,AUTO,NJ,2025-01-01
POL-00172,AUTO,PA,2025-01-01
POL-00173,WC,PA,2025-01-01
POL-00174,WC,NJ,2025-01-01
POL-00175,GL,CT,2025-01-01
POL-00176,AUTO,CT,2025-01-01
POL-00177,AUTO,NJ,2025-01-01
POL-00178,GL,CT,2025-01-01
POL-00179,AUTO,NJ,2025-01-01
POL-00180,PROPERTY,NY,2025-01-01
POL-00181,PROPERTY,PA,2025-01-01
POL-00182,AUTO,NY,2025-01-01
POL-00183,WC,NJ,2025-01-01
POL-00184,WC,NY,2025-01-01
POL-00185,AUTO,NJ,2025-01-01
POL-00186,AUTO,NJ,2025-01-01
POL-00187,PROPERTY,PA,2025-01-01
POL-00188,PROPERTY,NJ,2025-01-01
POL-00189,PROPERTY,CT,2025-01-01
POL-00190,GL,NY,2025-01-01
POL-00191,WC,NJ,2025-01-01
POL-00192,AUTO,NJ,2025-01-01
POL-00193,AUTO,PA,2025-01-01
POL-00194,PROPERTY,NY,2025-01-01
POL-00195,WC,PA,2025-01-01
POL-00196,GL,CT,2025-01-01
POL-00197,GL,NJ,2025-01-01
POL-00198,WC,NY,2025-01-01
POL-00199,WC,PA,2025-01-01
POL-00200,WC,PA,2025-01-01
POL-00201,GL,PA,2025-01-01
POL-00202,AUTO,NY,2025-01-01
POL-00203,AUTO,NY,2025-01-01
POL-00204,AUTO,NY,2025-01-01
POL-00205,WC,NY,2025-01-01
POL-00206,GL,NJ,2025-01-01
POL-00207,AUTO,NY,2025-01-01
POL-00208,WC,PA,2025-01-01
POL-00209,AUTO,NJ,2025-01-01
POL-00210,GL,CT,2025-01-01
POL-00211,GL,CT,2025-01-01
POL-00212,GL,NJ,2025-01-01
POL-00213,GL,CT,2025-01-01
POL-00214,WC,NJ,2025-01-01
POL-00215,WC,CT,2025-01-01
POL-00216,GL,PA,2025-01-01
POL-00217,PROPERTY,CT,2025-01-01
POL-00218,GL,NY,2025-01-01
POL-00219,WC,NJ,2025-01-01
POL-00220,GL,NJ,2025-01-01
POL-00221,AUTO,NJ,2025-01-01
POL-00222,PROPERTY,PA,2025-01-01
POL-00223,WC,CT,2025-01-01
POL-00224,WC,NJ,2025-01-01
POL-00225,PROPERTY,NJ,2025-01-01
POL-00226,WC,CT,2025-01-01
POL-00227,PROPERTY,PA,2025-01-01
POL-00228,AUTO,NJ,2025-01-01
POL-00229,PROPERTY,NJ,2025-01-01
POL-00230,WC,NJ,2025-01-01
POL-00231,WC,NJ,2025-01-01
POL-00232,GL,NY,2025-01-01
POL-00233,AUTO,CT,2025-01-01
POL-00234,WC,PA,2025-01-01
POL-00235,WC,PA,2025-01-01
POL-00236,WC,CT,2025-01-01
POL-00237,PROPERTY,NY,2025-01-01
POL-00238,GL,PA,2025-01-01
POL-00239,WC,NJ,2025-01-01
POL-00240,AUTO,PA,2025-01-01
POL-00241,GL,CT,2025-01-01
POL-00242,AUTO,NJ,2025-01-01
POL-00243,AUTO,NY,2025-01-01
POL-00244,GL,CT,2025-01-01
POL-00245,GL,PA,2025-01-01
POL-00246,WC,NJ,2025-01-01
POL-00247,AUTO,NY,2025-01-01
POL-00248,PROPERTY,NY,2025-01-01
POL-00249,PROPERTY,PA,2025-01-01
POL-00250,PROPERTY,PA,2025-01-01
POL-00251,PROPERTY,NJ,2025-01-01
POL-00252,GL,NJ,2025-01-01
POL-00253,WC,NJ,2025-01-01
POL-00254,PROPERTY,PA,2025-01-01
POL-00255,WC,NY,2025-01-01
POL-00256,GL,CT,2025-01-01
POL-00257,WC,PA,2025-01-01
POL-00258,PROPERTY,PA,2025-01-01
POL-00259,PROPERTY,CT,2025-01-01
POL-00260,PROPERTY,NJ,2025-01-01
POL-00261,PROPERTY,PA,2025-01-01
POL-00262,WC,NY,2025-01-01
POL-00263,WC,NY,2025-01-01
POL-00264,PROPERTY,NJ,2025-01-01
POL-00265,WC,CT,2025-01-01
POL-00266,PROPERTY,CT,2025-01-01
POL-00267,WC,PA,2025-01-01
POL-00268,WC,CT,2025-01-01
POL-00269,WC,CT,2025-01-01
POL-00270,GL,CT,2025-01-01
POL-00271,AUTO,NY,2025-01-01
POL-00272,PROPERTY,NY,2025-01-01
POL-00273,WC,PA,2025-01-01
POL-00274,GL,NJ,2025-01-01
POL-00275,AUTO,PA,2025-01-01
POL-00276,WC,NJ,2025-01-01
POL-00277,PROPERTY,NY,2025-01-01
POL-00278,GL,NY,2025-01-01
POL-00279,PROPERTY,NY,2025-01-01
POL-00280,PROPERTY,NY,2025-01-01
POL-00281,AUTO,PA,2025-01-01
POL-00282,PROPERTY,PA,2025-01-01
POL-00283,AUTO,NY,2025-01-01
POL-00284,WC,CT,2025-01-01
POL-00285,WC,PA,2025-01-01
POL-00286,AUTO,PA,2025-01-01
POL-00287,AUTO,NJ,2025-01-01
POL-00288,GL,NY,2025-01-01
POL-00289,PROPERTY,PA,2025-01-01
POL-00290,GL,PA,2025-01-01
POL-00291,AUTO,NJ,2025-01-01
POL-00292,WC,NJ,2025-01-01
POL-00293,AUTO,PA,2025-01-01
POL-00294,WC,NY,2025-01-01
POL-00295,GL,NY,2025-01-01
POL-00296,WC,NJ,2025-01-01
POL-00297,WC,NJ,2025-01-01
POL-00298,AUTO,CT,2025-01-01
POL-00299,GL,NJ,2025-01-01
POL-00300,GL,NJ,2025-01-01
POL-00301,GL,NY,2025-01-01
POL-00302,WC,NJ,2025-01-01
POL-00303,WC,NY,2025-01-01
POL-00304,PROPERTY,CT,2025-01-01
POL-00305,AUTO,PA,2025-01-01
POL-00306,PROPERTY,PA,2025-01-01
POL-00307,WC,CT,2025-01-01
POL-00308,AUTO,NJ,2025-01-01
POL-00309,AUTO,CT,2025-01-01
POL-00310,GL,PA,2025-01-01
POL-00311,WC,PA,2025-01-01
POL-00312,WC,CT,2025-01-01
POL-00313,GL,PA,2025-01-01
POL-00314,GL,NJ,2025-01-01
POL-00315,WC,PA,2025-01-01
POL-00316,PROPERTY,CT,2025-01-01
POL-00317,PROPERTY,NJ,2025-01-01
POL-00318,GL,CT,2025-01-01
POL-00319,GL,CT,2025-01-01
POL-00320,AUTO,PA,2025-01-01
POL-00321,AUTO,NY,2025-01-01
POL-00322,WC,CT,2025-01-01
POL-00323,PROPERTY,CT,2025-01-01
POL-00324,WC,PA,2025-01-01
POL-00325,AUTO,PA,2025-01-01
POL-00326,GL,NJ,2025-01-01
POL-00327,GL,NY,2025-01-01
POL-00328,GL,CT,2025-01-01
POL-00329,PROPERTY,PA,2025-01-01
POL-00330,AUTO,NJ,2025-01-01
POL-00331,GL,CT,2025-01-01
POL-00332,AUTO,NJ,2025-01-01
POL-00333,WC,NJ,2025-01-01
POL-00334,GL,PA,2025-01-01
POL-00335,PROPERTY,NJ,2025-01-01
POL-00336,WC,NY,2025-01-01
POL-00337,AUTO,NJ,2025-01-01
POL-00338,AUTO,CT,2025-01-01
POL-00339,AUTO,PA,2025-01-01
POL-00340,AUTO,CT,2025-01-01
POL-00341,GL,CT,2025-01-01
POL-00342,PROPERTY,CT,2025-01-01
POL-00343,WC,PA,2025-01-01
POL-00344,AUTO,NJ,2025-01-01
POL-00345,PROPERTY,NY,2025-01-01
POL-00346,WC,NJ,2025-01-01
POL-00347,WC,NY,2025-01-01
POL-00348,WC,PA,2025-01-01
POL-00349,WC,PA,2025-01-01
POL-00350,PROPERTY,PA,2025-01-01
POL-00351,AUTO,CT,2025-01-01
POL-00352,GL,NJ,2025-01-01
POL-00353,WC,CT,2025-01-01
POL-00354,PROPERTY,NJ,2025-01-01
POL-00355,PROPERTY,CT,2025-01-01
POL-00356,PROPERTY,PA,2025-01-01
POL-00357,PROPERTY,NY,2025-01-01
POL-00358,WC,NY,2025-01-01
POL-00359,AUTO,PA,2025-01-01
POL-00360,AUTO,NJ,2025-01-01
POL-00361,WC,CT,2025-01-01
POL-00362,WC,NJ,2025-01-01
POL-00363,GL,PA,2025-01-01
POL-00364,GL,NJ,2025-01-01
POL-00365,AUTO,NJ,2025-01-01
POL-00366,GL,CT,2025-01-01
POL-00367,AUTO,PA,2025-01-01
POL-00368,PROPERTY,NY,2025-01-01
POL-00369,WC,CT,2025-01-01
POL-00370,WC,PA,2025-01-01
POL-00371,GL,NJ,2025-01-01
POL-00372,PROPERTY,PA,2025-01-01
POL-00373,PROPERTY,NJ,2025-01-01
POL-00374,WC,PA,2025-01-01
POL-00375,WC,CT,2025-01-01
POL-00376,PROPERTY,PA,2025-01-01
POL-00377,AUTO,NJ,2025-01-01
POL-00378,GL,PA,2025-01-01
POL-00379,AUTO,PA,2025-01-01
POL-00380,GL,NJ,2025-01-01
POL-00381,PROPERTY,NJ,2025-01-01
POL-00382,PROPERTY,PA,2025-01-01
POL-00383,GL,NY,2025-01-01
POL-00384,GL,NJ,2025-01-01
POL-00385,GL,NY,2025-01-01
POL-00386,AUTO,NJ,2025-01-01
POL-00387,PROPERTY,NJ,2025-01-01
POL-00388,GL,CT,2025-01-01
POL-00389,PROPERTY,CT,2025-01-01
POL-00390,PROPERTY,NY,2025-01-01
POL-00391,PROPERTY,CT,2025-01-01
POL-00392,WC,NY,2025-01-01
POL-00393,PROPERTY,NJ,2025-01-01
POL-00394,PROPERTY,NJ,2025-01-01
POL-00395,AUTO,CT,2025-01-01
POL-00396,WC,PA,2025-01-01
POL-00397,WC,NJ,2025-01-01
POL-00398,WC,NY,2025-01-01
POL-00399,AUTO,NJ,2025-01-01
POL-00400,PROPERTY,NJ,2025-01-01
