policy_id,endorsement_seq,premium_amt,close_month,endorsement_type,loaded_at
POL-00001,0,20508.51,2025-08-01,BASE,2025-08-31T22:11:00
POL-00002,0,11213.2,2025-08-01,BASE,2025-08-31T22:12:00
POL-00003,0,4025.02,2025-08-01,BASE,2025-08-31T22:13:00
POL-00003,1,3358.12,2025-08-01,LIMIT_INCREASE,2025-08-31T23:03:00
POL-00004,0,17876.65,2025-08-01,BASE,2025-08-31T22:14:00
POL-00005,0,9296.97,2025-08-01,BASE,2025-08-31T22:15:00
POL-00006,0,7819.5,2025-08-01,BASE,2025-08-31T22:16:00
POL-00006,1,1293.39,2025-08-01,PREMIUM_AUDIT,2025-08-31T23:06:00
POL-00007,0,16518.07,2025-08-01,BASE,2025-08-31T22:17:00
POL-00008,0,4137.72,2025-08-01,BASE,2025-08-31T22:18:00
POL-00009,0,8846.39,2025-08-01,BASE,2025-08-31T22:19:00
POL-00009,1,977.58,2025-08-01,MIDTERM_CANCEL,2025-08-31T23:09:00
POL-00010,0,11427.09,2025-08-01,BASE,2025-08-31T22:20:00
POL-00011,0,22054.9,2025-08-01,BASE,2025-08-31T22:21:00
POL-00011,2,301.03,2025-08-01,PREMIUM_AUDIT,2025-08-31T23:41:00
POL-00012,0,7804.09,2025-08-01,BASE,2025-08-31T22:22:00
POL-00012,1,3115.22,2025-08-01,PREMIUM_AUDIT,2025-08-31T23:12:00
POL-00013,0,24628.9,2025-08-01,BASE,2025-08-31T22:23:00
POL-00014,0,2148.65,2025-08-01,BASE,2025-08-31T22:24:00
POL-00015,0,5893.87,2025-08-01,BASE,2025-08-31T22:25:00
POL-00015,1,2885.46,2025-08-01,ADD_INSURED,2025-08-31T23:15:00
POL-00016,0,5186.01,2025-08-01,BASE,2025-08-31T22:26:00
POL-00017,0,2117.31,2025-08-01,BASE,2025-08-31T22:27:00
POL-00018,0,7292.6,2025-08-01,BASE,2025-08-31T22:28:00
POL-00018,1,1764.77,2025-08-01,MIDTERM_CANCEL,2025-08-31T23:18:00
POL-00019,0,9266.35,2025-08-01,BASE,2025-08-31T22:29:00
POL-00020,0,11038.37,2025-08-01,BASE,2025-08-31T22:30:00
POL-00021,0,22283.13,2025-08-01,BASE,2025-08-31T22:31:00
POL-00021,1,3518.52,2025-08-01,PREMIUM_AUDIT,2025-08-31T23:21:00
POL-00022,0,2375.55,2025-08-01,BASE,2025-08-31T22:32:00
POL-00022,2,283.6,2025-08-01,PREMIUM_AUDIT,2025-08-31T23:32:00
POL-00023,0,11520.58,2025-08-01,BASE,2025-08-31T22:33:00
POL-00024,0,16388.58,2025-08-01,BASE,2025-08-31T22:34:00
POL-00024,1,3820.87,2025-08-01,MIDTERM_CANCEL,2025-08-31T23:24:00
POL-00025,0,24072.5,2025-08-01,BASE,2025-08-31T22:35:00
POL-00026,0,2568.68,2025-08-01,BASE,2025-08-31T22:36:00
POL-00027,0,5225.85,2025-08-01,BASE,2025-08-31T22:37:00
POL-00027,1,1863.95,2025-08-01,MIDTERM_CANCEL,2025-08-31T23:27:00
POL-00028,0,10498.15,2025-08-01,BASE,2025-08-31T22:38:00
POL-00029,0,23696.67,2025-08-01,BASE,2025-08-31T22:39:00
POL-00030,0,12013.27,2025-08-01,BASE,2025-08-31T22:40:00
POL-00030,1,2005.32,2025-08-01,MIDTERM_CANCEL,2025-08-31T23:00:00
POL-00031,0,2622.97,2025-08-01,BASE,2025-08-31T22:41:00
POL-00032,0,18896.36,2025-08-01,BASE,2025-08-31T22:42:00
POL-00033,0,16110.05,2025-08-01,BASE,2025-08-31T22:43:00
POL-00033,1,2413.05,2025-08-01,PREMIUM_AUDIT,2025-08-31T23:03:00
POL-00033,2,497.5,2025-08-01,PREMIUM_AUDIT,2025-08-31T23:43:00
POL-00034,0,14943.71,2025-08-01,BASE,2025-08-31T22:44:00
POL-00035,0,2630.17,2025-08-01,BASE,2025-08-31T22:45:00
POL-00036,0,7319.76,2025-08-01,BASE,2025-08-31T22:46:00
POL-00036,1,2544.07,2025-08-01,LIMIT_INCREASE,2025-08-31T23:06:00
POL-00037,0,6951.92,2025-08-01,BASE,2025-08-31T22:47:00
POL-00038,0,10090.35,2025-08-01,BASE,2025-08-31T22:48:00
POL-00039,0,9196.25,2025-08-01,BASE,2025-08-31T22:49:00
POL-00039,1,3622.91,2025-08-01,ADD_INSURED,2025-08-31T23:09:00
POL-00040,0,20843.67,2025-08-01,BASE,2025-08-31T22:10:00
POL-00041,0,3234.19,2025-08-01,BASE,2025-08-31T22:11:00
POL-00042,0,10729.85,2025-08-01,BASE,2025-08-31T22:12:00
POL-00042,1,3853.51,2025-08-01,LIMIT_INCREASE,2025-08-31T23:12:00
POL-00043,0,18225.87,2025-08-01,BASE,2025-08-31T22:13:00
POL-00044,0,19634.1,2025-08-01,BASE,2025-08-31T22:14:00
POL-00044,2,1296.77,2025-08-01,PREMIUM_AUDIT,2025-08-31T23:34:00
POL-00045,0,23064.72,2025-08-01,BASE,2025-08-31T22:15:00
POL-00045,1,171.38,2025-08-01,ADD_INSURED,2025-08-31T23:15:00
POL-00046,0,19119.33,2025-08-01,BASE,2025-08-31T22:16:00
POL-00047,0,22895.61,2025-08-01,BASE,2025-08-31T22:17:00
POL-00048,0,18882.67,2025-08-01,BASE,2025-08-31T22:18:00
POL-00048,1,1412.39,2025-08-01,PREMIUM_AUDIT,2025-08-31T23:18:00
POL-00049,0,4428.98,2025-08-01,BASE,2025-08-31T22:19:00
POL-00050,0,11182.43,2025-08-01,BASE,2025-08-31T22:20:00
POL-00051,0,6437.06,2025-08-01,BASE,2025-08-31T22:21:00
POL-00051,1,1386.81,2025-08-01,ADD_INSURED,2025-08-31T23:21:00
POL-00052,0,16001.07,2025-08-01,BASE,2025-08-31T22:22:00
POL-00053,0,15415.39,2025-08-01,BASE,2025-08-31T22:23:00
POL-00054,0,18753.55,2025-08-01,BASE,2025-08-31T22:24:00
POL-00054,1,2990.9,2025-08-01,MIDTERM_CANCEL,2025-08-31T23:24:00
POL-00055,0,24717.51,2025-08-01,BASE,2025-08-31T22:25:00
POL-00055,2,1472.71,2025-08-01,PREMIUM_AUDIT,2025-08-31T23:45:00
POL-00056,0,18156.58,2025-08-01,BASE,2025-08-31T22:26:00
POL-00057,0,5387.35,2025-08-01,BASE,2025-08-31T22:27:00
POL-00057,1,1946.03,2025-08-01,ADD_INSURED,2025-08-31T23:27:00
POL-00058,0,5834.83,2025-08-01,BASE,2025-08-31T22:28:00
POL-00059,0,22062.04,2025-08-01,BASE,2025-08-31T22:29:00
POL-00060,0,14689.67,2025-08-01,BASE,2025-08-31T22:30:00
POL-00060,1,1086.04,2025-08-01,PREMIUM_AUDIT,2025-08-31T23:00:00
POL-00061,0,18450.51,2025-08-01,BASE,2025-08-31T22:31:00
POL-00062,0,6415.98,2025-08-01,BASE,2025-08-31T22:32:00
POL-00063,0,13903.72,2025-08-01,BASE,2025-08-31T22:33:00
POL-00063,1,2574.16,2025-08-01,LIMIT_INCREASE,2025-08-31T23:03:00
POL-00064,0,5109.47,2025-08-01,BASE,2025-08-31T22:34:00
POL-00065,0,8254.87,2025-08-01,BASE,2025-08-31T22:35:00
POL-00066,0,12317.03,2025-08-01,BASE,2025-08-31T22:36:00
POL-00066,1,4003.26,2025-08-01,PREMIUM_AUDIT,2025-08-31T23:06:00
POL-00066,2,1395.35,2025-08-01,PREMIUM_AUDIT,2025-08-31T23:36:00
POL-00067,0,5807.1,2025-08-01,BASE,2025-08-31T22:37:00
POL-00068,0,8473.01,2025-08-01,BASE,2025-08-31T22:38:00
POL-00069,0,24967.53,2025-08-01,BASE,2025-08-31T22:39:00
POL-00069,1,3576.1,2025-08-01,LIMIT_INCREASE,2025-08-31T23:09:00
POL-00070,0,6706.74,2025-08-01,BASE,2025-08-31T22:40:00
POL-00071,0,3033.68,2025-08-01,BASE,2025-08-31T22:41:00
POL-00072,0,7916.2,2025-08-01,BASE,2025-08-31T22:42:00
POL-00072,1,3855.07,2025-08-01,PREMIUM_AUDIT,2025-08-31T23:12:00
POL-00073,0,15735.21,2025-08-01,BASE,2025-08-31T22:43:00
POL-00074,0,8037.95,2025-08-01,BASE,2025-08-31T22:44:00
POL-00075,0,18815.18,2025-08-01,BASE,2025-08-31T22:45:00
POL-00075,1,915.39,2025-08-01,LIMIT_INCREASE,2025-08-31T23:15:00
POL-00076,0,2811.75,2025-08-01,BASE,2025-08-31T22:46:00
POL-00077,0,19195.11,2025-08-01,BASE,2025-08-31T22:47:00
POL-00077,2,1573.51,2025-08-01,PREMIUM_AUDIT,2025-08-31T23:47:00
POL-00078,0,23106.21,2025-08-01,BASE,2025-08-31T22:48:00
POL-00078,1,1496.34,2025-08-01,MIDTERM_CANCEL,2025-08-31T23:18:00
POL-00079,0,4800.15,2025-08-01,BASE,2025-08-31T22:49:00
POL-00080,0,9503.28,2025-08-01,BASE,2025-08-31T22:10:00
POL-00081,0,8215.91,2025-08-01,BASE,2025-08-31T22:11:00
POL-00081,1,3951.09,2025-08-01,PREMIUM_AUDIT,2025-08-31T23:21:00
POL-00082,0,21512.25,2025-08-01,BASE,2025-08-31T22:12:00
POL-00083,0,11553.98,2025-08-01,BASE,2025-08-31T22:13:00
POL-00084,0,11461.66,2025-08-01,BASE,2025-08-31T22:14:00
POL-00084,1,2363.96,2025-08-01,MIDTERM_CANCEL,2025-08-31T23:24:00
POL-00085,0,9323.57,2025-08-01,BASE,2025-08-31T22:15:00
POL-00086,0,20751.0,2025-08-01,BASE,2025-08-31T22:16:00
POL-00087,0,22946.42,2025-08-01,BASE,2025-08-31T22:17:00
POL-00087,1,604.16,2025-08-01,MIDTERM_CANCEL,2025-08-31T23:27:00
POL-00088,0,14122.68,2025-08-01,BASE,2025-08-31T22:18:00
POL-00088,2,1689.31,2025-08-01,PREMIUM_AUDIT,2025-08-31T23:38:00
POL-00089,0,11995.94,2025-08-01,BASE,2025-08-31T22:19:00
POL-00090,0,17647.12,2025-08-01,BASE,2025-08-31T22:20:00
POL-00090,1,759.87,2025-08-01,MIDTERM_CANCEL,2025-08-31T23:00:00
POL-00091,0,5607.68,2025-08-01,BASE,2025-08-31T22:21:00
POL-00092,0,3636.94,2025-08-01,BASE,2025-08-31T22:22:00
POL-00093,0,8758.23,2025-08-01,BASE,2025-08-31T22:23:00
POL-00093,1,3258.32,2025-08-01,MIDTERM_CANCEL,2025-08-31T23:03:00
POL-00094,0,5311.52,2025-08-01,BASE,2025-08-31T22:24:00
POL-00095,0,13539.73,2025-08-01,BASE,2025-08-31T22:25:00
POL-00096,0,2271.94,2025-08-01,BASE,2025-08-31T22:26:00
POL-00096,1,2795.23,2025-08-01,PREMIUM_AUDIT,2025-08-31T23:06:00
POL-00097,0,7415.94,2025-08-01,BASE,2025-08-31T22:27:00
POL-00098,0,10364.1,2025-08-01,BASE,2025-08-31T22:28:00
POL-00099,0,14445.97,2025-08-01,BASE,2025-08-31T22:29:00
POL-00099,1,1383.87,2025-08-01,LIMIT_INCREASE,2025-08-31T23:09:00
POL-00099,2,132.55,2025-08-01,PREMIUM_AUDIT,2025-08-31T23:49:00
POL-00100,0,22544.64,2025-08-01,BASE,2025-08-31T22:30:00
POL-00101,0,11752.6,2025-08-01,BASE,2025-08-31T22:31:00
POL-00102,0,14409.23,2025-08-01,BASE,2025-08-31T22:32:00
POL-00102,1,3275.02,2025-08-01,ADD_INSURED,2025-08-31T23:12:00
POL-00103,0,6167.26,2025-08-01,BASE,2025-08-31T22:33:00
POL-00104,0,23644.2,2025-08-01,BASE,2025-08-31T22:34:00
POL-00105,0,7790.41,2025-08-01,BASE,2025-08-31T22:35:00
POL-00105,1,2271.32,2025-08-01,MIDTERM_CANCEL,2025-08-31T23:15:00
POL-00106,0,23920.5,2025-08-01,BASE,2025-08-31T22:36:00
POL-00107,0,19651.75,2025-08-01,BASE,2025-08-31T22:37:00
POL-00108,0,2248.33,2025-08-01,BASE,2025-08-31T22:38:00
POL-00108,1,1175.32,2025-08-01,ADD_INSURED,2025-08-31T23:18:00
POL-00109,0,5368.32,2025-08-01,BASE,2025-08-31T22:39:00
POL-00110,0,17428.18,2025-08-01,BASE,2025-08-31T22:40:00
POL-00110,2,496.74,2025-08-01,PREMIUM_AUDIT,2025-08-31T23:40:00
POL-00111,0,6022.62,2025-08-01,BASE,2025-08-31T22:41:00
POL-00111,1,4118.23,2025-08-01,LIMIT_INCREASE,2025-08-31T23:21:00
POL-00112,0,8911.16,2025-08-01,BASE,2025-08-31T22:42:00
POL-00113,0,13349.54,2025-08-01,BASE,2025-08-31T22:43:00
POL-00114,0,21222.83,2025-08-01,BASE,2025-08-31T22:44:00
POL-00114,1,1481.04,2025-08-01,MIDTERM_CANCEL,2025-08-31T23:24:00
POL-00115,0,9277.37,2025-08-01,BASE,2025-08-31T22:45:00
POL-00116,0,5160.66,2025-08-01,BASE,2025-08-31T22:46:00
POL-00117,0,10291.81,2025-08-01,BASE,2025-08-31T22:47:00
POL-00117,1,1311.62,2025-08-01,ADD_INSURED,2025-08-31T23:27:00
POL-00118,0,20690.71,2025-08-01,BASE,2025-08-31T22:48:00
POL-00119,0,24961.07,2025-08-01,BASE,2025-08-31T22:49:00
POL-00120,0,3230.55,2025-08-01,BASE,2025-08-31T22:10:00
POL-00120,1,1825.37,2025-08-01,PREMIUM_AUDIT,2025-08-31T23:00:00
POL-00121,0,17676.74,2025-08-01,BASE,2025-08-31T22:11:00
POL-00121,2,236.81,2025-08-01,PREMIUM_AUDIT,2025-08-31T23:31:00
POL-00122,0,5973.77,2025-08-01,BASE,2025-08-31T22:12:00
POL-00123,0,4394.69,2025-08-01,BASE,2025-08-31T22:13:00
POL-00123,1,2660.43,2025-08-01,LIMIT_INCREASE,2025-08-31T23:03:00
POL-00124,0,23282.42,2025-08-01,BASE,2025-08-31T22:14:00
POL-00125,0,24950.56,2025-08-01,BASE,2025-08-31T22:15:00
POL-00126,0,18028.36,2025-08-01,BASE,2025-08-31T22:16:00
POL-00126,1,890.84,2025-08-01,LIMIT_INCREASE,2025-08-31T23:06:00
POL-00127,0,18380.32,2025-08-01,BASE,2025-08-31T22:17:00
POL-00128,0,20879.6,2025-08-01,BASE,2025-08-31T22:18:00
POL-00129,0,9494.7,2025-08-01,BASE,2025-08-31T22:19:00
POL-00129,1,1801.81,2025-08-01,MIDTERM_CANCEL,2025-08-31T23:09:00
POL-00130,0,8359.75,2025-08-01,BASE,2025-08-31T22:20:00
POL-00131,0,2058.44,2025-08-01,BASE,2025-08-31T22:21:00
POL-00132,0,23673.25,2025-08-01,BASE,2025-08-31T22:22:00
POL-00132,1,907.33,2025-08-01,ADD_INSURED,2025-08-31T23:12:00
POL-00132,2,1652.68,2025-08-01,PREMIUM_AUDIT,2025-08-31T23:42:00
POL-00133,0,4663.22,2025-08-01,BASE,2025-08-31T22:23:00
POL-00134,0,12575.61,2025-08-01,BASE,2025-08-31T22:24:00
POL-00135,0,17779.79,2025-08-01,BASE,2025-08-31T22:25:00
POL-00135,1,621.53,2025-08-01,MIDTERM_CANCEL,2025-08-31T23:15:00
POL-00136,0,5030.6,2025-08-01,BASE,2025-08-31T22:26:00
POL-00137,0,18881.35,2025-08-01,BASE,2025-08-31T22:27:00
POL-00138,0,4268.29,2025-08-01,BASE,2025-08-31T22:28:00
POL-00138,1,2483.59,2025-08-01,LIMIT_INCREASE,2025-08-31T23:18:00
POL-00139,0,18059.88,2025-08-01,BASE,2025-08-31T22:29:00
POL-00140,0,11216.85,2025-08-01,BASE,2025-08-31T22:30:00
POL-00141,0,8344.96,2025-08-01,BASE,2025-08-31T22:31:00
POL-00141,1,597.81,2025-08-01,PREMIUM_AUDIT,2025-08-31T23:21:00
POL-00142,0,9517.36,2025-08-01,BASE,2025-08-31T22:32:00
POL-00143,0,15543.18,2025-08-01,BASE,2025-08-31T22:33:00
POL-00143,2,1553.91,2025-08-01,PREMIUM_AUDIT,2025-08-31T23:33:00
POL-00144,0,12127.02,2025-08-01,BASE,2025-08-31T22:34:00
POL-00144,1,564.17,2025-08-01,LIMIT_INCREASE,2025-08-31T23:24:00
POL-00145,0,22601.5,2025-08-01,BASE,2025-08-31T22:35:00
POL-00146,0,15606.77,2025-08-01,BASE,2025-08-31T22:36:00
POL-00147,0,18357.3,2025-08-01,BASE,2025-08-31T22:37:00
POL-00147,1,1584.86,2025-08-01,MIDTERM_CANCEL,2025-08-31T23:27:00
POL-00148,0,23269.68,2025-08-01,BASE,2025-08-31T22:38:00
POL-00149,0,7356.55,2025-08-01,BASE,2025-08-31T22:39:00
POL-00150,0,7652.26,2025-08-01,BASE,2025-08-31T22:40:00
POL-00150,1,270.09,2025-08-01,PREMIUM_AUDIT,2025-08-31T23:00:00
POL-00151,0,6989.64,2025-08-01,BASE,2025-08-31T22:41:00
POL-00152,0,15584.41,2025-08-01,BASE,2025-08-31T22:42:00
POL-00153,0,10266.52,2025-08-01,BASE,2025-08-31T22:43:00
POL-00153,1,3233.82,2025-08-01,MIDTERM_CANCEL,2025-08-31T23:03:00
POL-00154,0,5799.28,2025-08-01,BASE,2025-08-31T22:44:00
POL-00154,2,607.86,2025-08-01,PREMIUM_AUDIT,2025-08-31T23:44:00
POL-00155,0,18290.99,2025-08-01,BASE,2025-08-31T22:45:00
POL-00156,0,4428.33,2025-08-01,BASE,2025-08-31T22:46:00
POL-00156,1,2691.13,2025-08-01,LIMIT_INCREASE,2025-08-31T23:06:00
POL-00157,0,19987.55,2025-08-01,BASE,2025-08-31T22:47:00
POL-00158,0,14504.69,2025-08-01,BASE,2025-08-31T22:48:00
POL-00159,0,4182.98,2025-08-01,BASE,2025-08-31T22:49:00
POL-00159,1,3197.24,2025-08-01,MIDTERM_CANCEL,2025-08-31T23:09:00
POL-00160,0,3327.41,2025-08-01,BASE,2025-08-31T22:10:00
POL-00161,0,19802.23,2025-08-01,BASE,2025-08-31T22:11:00
POL-00162,0,13607.35,2025-08-01,BASE,2025-08-31T22:12:00
POL-00162,1,1815.22,2025-08-01,MIDTERM_CANCEL,2025-08-31T23:12:00
POL-00163,0,17962.17,2025-08-01,BASE,2025-08-31T22:13:00
POL-00164,0,22543.34,2025-08-01,BASE,2025-08-31T22:14:00
POL-00165,0,11878.49,2025-08-01,BASE,2025-08-31T22:15:00
POL-00165,1,647.67,2025-08-01,PREMIUM_AUDIT,2025-08-31T23:15:00
POL-00165,2,803.14,2025-08-01,PREMIUM_AUDIT,2025-08-31T23:35:00
POL-00166,0,11876.46,2025-08-01,BASE,2025-08-31T22:16:00
POL-00167,0,5425.95,2025-08-01,BASE,2025-08-31T22:17:00
POL-00168,0,16338.86,2025-08-01,BASE,2025-08-31T22:18:00
POL-00168,1,1301.62,2025-08-01,ADD_INSURED,2025-08-31T23:18:00
POL-00169,0,15727.88,2025-08-01,BASE,2025-08-31T22:19:00
POL-00170,0,4664.92,2025-08-01,BASE,2025-08-31T22:20:00
POL-00171,0,9752.19,2025-08-01,BASE,2025-08-31T22:21:00
POL-00171,1,1241.07,2025-08-01,PREMIUM_AUDIT,2025-08-31T23:21:00
POL-00172,0,7266.55,2025-08-01,BASE,2025-08-31T22:22:00
POL-00173,0,16800.07,2025-08-01,BASE,2025-08-31T22:23:00
POL-00174,0,17558.18,2025-08-01,BASE,2025-08-31T22:24:00
POL-00174,1,3739.83,2025-08-01,PREMIUM_AUDIT,2025-08-31T23:24:00
POL-00175,0,24299.94,2025-08-01,BASE,2025-08-31T22:25:00
POL-00176,0,24240.7,2025-08-01,BASE,2025-08-31T22:26:00
POL-00176,2,808.37,2025-08-01,PREMIUM_AUDIT,2025-08-31T23:46:00
POL-00177,0,15995.27,2025-08-01,BASE,2025-08-31T22:27:00
POL-00177,1,2104.74,2025-08-01,ADD_INSURED,2025-08-31T23:27:00
POL-00178,0,18619.92,2025-08-01,BASE,2025-08-31T22:28:00
POL-00179,0,24291.36,2025-08-01,BASE,2025-08-31T22:29:00
POL-00180,0,13186.79,2025-08-01,BASE,2025-08-31T22:30:00
POL-00180,1,2438.95,2025-08-01,ADD_INSURED,2025-08-31T23:00:00
POL-00181,0,4836.49,2025-08-01,BASE,2025-08-31T22:31:00
POL-00182,0,16421.96,2025-08-01,BASE,2025-08-31T22:32:00
POL-00183,0,20062.68,2025-08-01,BASE,2025-08-31T22:33:00
POL-00183,1,2016.28,2025-08-01,MIDTERM_CANCEL,2025-08-31T23:03:00
POL-00184,0,22723.96,2025-08-01,BASE,2025-08-31T22:34:00
POL-00185,0,17199.54,2025-08-01,BASE,2025-08-31T22:35:00
POL-00186,0,10096.3,2025-08-01,BASE,2025-08-31T22:36:00
POL-00186,1,341.29,2025-08-01,LIMIT_INCREASE,2025-08-31T23:06:00
POL-00187,0,20200.0,2025-08-01,BASE,2025-08-31T22:37:00
POL-00187,2,771.16,2025-08-01,PREMIUM_AUDIT,2025-08-31T23:37:00
POL-00188,0,10180.88,2025-08-01,BASE,2025-08-31T22:38:00
POL-00189,0,19101.69,2025-08-01,BASE,2025-08-31T22:39:00
POL-00189,1,2893.28,2025-08-01,LIMIT_INCREASE,2025-08-31T23:09:00
POL-00190,0,9910.59,2025-08-01,BASE,2025-08-31T22:40:00
POL-00191,0,19247.5,2025-08-01,BASE,2025-08-31T22:41:00
POL-00192,0,3659.89,2025-08-01,BASE,2025-08-31T22:42:00
POL-00192,1,3882.46,2025-08-01,MIDTERM_CANCEL,2025-08-31T23:12:00
POL-00193,0,5734.93,2025-08-01,BASE,2025-08-31T22:43:00
POL-00194,0,15266.63,2025-08-01,BASE,2025-08-31T22:44:00
POL-00195,0,21581.75,2025-08-01,BASE,2025-08-31T22:45:00
POL-00195,1,163.99,2025-08-01,MIDTERM_CANCEL,2025-08-31T23:15:00
POL-00196,0,6196.18,2025-08-01,BASE,2025-08-31T22:46:00
POL-00197,0,9990.21,2025-08-01,BASE,2025-08-31T22:47:00
POL-00198,0,7680.63,2025-08-01,BASE,2025-08-31T22:48:00
POL-00198,1,2191.99,2025-08-01,PREMIUM_AUDIT,2025-08-31T23:18:00
POL-00198,2,801.12,2025-08-01,PREMIUM_AUDIT,2025-08-31T23:48:00
POL-00199,0,21569.1,2025-08-01,BASE,2025-08-31T22:49:00
POL-00200,0,16856.64,2025-08-01,BASE,2025-08-31T22:10:00
POL-00201,0,6877.29,2025-08-01,BASE,2025-08-31T22:11:00
POL-00201,1,2727.83,2025-08-01,LIMIT_INCREASE,2025-08-31T23:21:00
POL-00202,0,16638.44,2025-08-01,BASE,2025-08-31T22:12:00
POL-00203,0,2920.52,2025-08-01,BASE,2025-08-31T22:13:00
POL-00204,0,13776.29,2025-08-01,BASE,2025-08-31T22:14:00
POL-00204,1,1461.67,2025-08-01,PREMIUM_AUDIT,2025-08-31T23:24:00
POL-00205,0,23172.31,2025-08-01,BASE,2025-08-31T22:15:00
POL-00206,0,23218.14,2025-08-01,BASE,2025-08-31T22:16:00
POL-00207,0,20785.39,2025-08-01,BASE,2025-08-31T22:17:00
POL-00207,1,3340.6,2025-08-01,PREMIUM_AUDIT,2025-08-31T23:27:00
POL-00208,0,10076.18,2025-08-01,BASE,2025-08-31T22:18:00
POL-00209,0,7497.58,2025-08-01,BASE,2025-08-31T22:19:00
POL-00209,2,340.58,2025-08-01,PREMIUM_AUDIT,2025-08-31T23:39:00
POL-00210,0,8553.62,2025-08-01,BASE,2025-08-31T22:20:00
POL-00210,1,1539.45,2025-08-01,ADD_INSURED,2025-08-31T23:00:00
POL-00211,0,21125.23,2025-08-01,BASE,2025-08-31T22:21:00
POL-00212,0,15453.97,2025-08-01,BASE,2025-08-31T22:22:00
POL-00213,0,2306.97,2025-08-01,BASE,2025-08-31T22:23:00
POL-00213,1,392.26,2025-08-01,PREMIUM_AUDIT,2025-08-31T23:03:00
POL-00214,0,6629.44,2025-08-01,BASE,2025-08-31T22:24:00
POL-00215,0,7347.47,2025-08-01,BASE,2025-08-31T22:25:00
POL-00216,0,16739.06,2025-08-01,BASE,2025-08-31T22:26:00
POL-00216,1,154.92,2025-08-01,PREMIUM_AUDIT,2025-08-31T23:06:00
POL-00217,0,17732.53,2025-08-01,BASE,2025-08-31T22:27:00
POL-00218,0,5116.5,2025-08-01,BASE,2025-08-31T22:28:00
POL-00219,0,4843.06,2025-08-01,BASE,2025-08-31T22:29:00
POL-00219,1,3208.03,2025-08-01,PREMIUM_AUDIT,2025-08-31T23:09:00
POL-00220,0,4125.82,2025-08-01,BASE,2025-08-31T22:30:00
POL-00220,2,1579.67,2025-08-01,PREMIUM_AUDIT,2025-08-31T23:30:00
POL-00221,0,21384.24,2025-08-01,BASE,2025-08-31T22:31:00
POL-00222,0,17991.16,2025-08-01,BASE,2025-08-31T22:32:00
POL-00222,1,3149.94,2025-08-01,LIMIT_INCREASE,2025-08-31T23:12:00
POL-00223,0,22855.69,2025-08-01,BASE,2025-08-31T22:33:00
POL-00224,0,12023.5,2025-08-01,BASE,2025-08-31T22:34:00
POL-00225,0,16386.52,2025-08-01,BASE,2025-08-31T22:35:00
POL-00225,1,894.87,2025-08-01,ADD_INSURED,2025-08-31T23:15:00
POL-00226,0,20162.1,2025-08-01,BASE,2025-08-31T22:36:00
POL-00227,0,23665.51,2025-08-01,BASE,2025-08-31T22:37:00
POL-00228,0,11968.08,2025-08-01,BASE,2025-08-31T22:38:00
POL-00228,1,202.43,2025-08-01,MIDTERM_CANCEL,2025-08-31T23:18:00
POL-00229,0,18657.32,2025-08-01,BASE,2025-08-31T22:39:00
POL-00230,0,19427.87,2025-08-01,BASE,2025-08-31T22:40:00
POL-00231,0,18068.25,2025-08-01,BASE,2025-08-31T22:41:00
POL-00231,1,2746.8,2025-08-01,LIMIT_INCREASE,2025-08-31T23:21:00
POL-00231,2,1374.71,2025-08-01,PREMIUM_AUDIT,2025-08-31T23:41:00
POL-00232,0,8569.14,2025-08-01,BASE,2025-08-31T22:42:00
POL-00233,0,10528.98,2025-08-01,BASE,2025-08-31T22:43:00
POL-00234,0,12272.29,2025-08-01,BASE,2025-08-31T22:44:00
POL-00234,1,2514.5,2025-08-01,PREMIUM_AUDIT,2025-08-31T23:24:00
POL-00235,0,11448.18,2025-08-01,BASE,2025-08-31T22:45:00
POL-00236,0,9483.86,2025-08-01,BASE,2025-08-31T22:46:00
POL-00237,0,11306.02,2025-08-01,BASE,2025-08-31T22:47:00
POL-00237,1,1424.26,2025-08-01,MIDTERM_CANCEL,2025-08-31T23:27:00
POL-00238,0,24207.88,2025-08-01,BASE,2025-08-31T22:48:00
POL-00239,0,9086.37,2025-08-01,BASE,2025-08-31T22:49:00
POL-00240,0,5387.72,2025-08-01,BASE,2025-08-31T22:10:00
POL-00240,1,4162.24,2025-08-01,MIDTERM_CANCEL,2025-08-31T23:00:00
POL-00241,0,10396.28,2025-08-01,BASE,2025-08-31T22:11:00
POL-00242,0,21098.43,2025-08-01,BASE,2025-08-31T22:12:00
POL-00242,2,1693.15,2025-08-01,PREMIUM_AUDIT,2025-08-31T23:32:00
POL-00243,0,4920.27,2025-08-01,BASE,2025-08-31T22:13:00
POL-00243,1,1617.04,2025-08-01,ADD_INSURED,2025-08-31T23:03:00
POL-00244,0,2859.56,2025-08-01,BASE,2025-08-31T22:14:00
POL-00245,0,7633.14,2025-08-01,BASE,2025-08-31T22:15:00
POL-00246,0,14460.7,2025-08-01,BASE,2025-08-31T22:16:00
POL-00246,1,2006.39,2025-08-01,PREMIUM_AUDIT,2025-08-31T23:06:00
POL-00247,0,6740.84,2025-08-01,BASE,2025-08-31T22:17:00
POL-00248,0,17806.35,2025-08-01,BASE,2025-08-31T22:18:00
POL-00249,0,17545.94,2025-08-01,BASE,2025-08-31T22:19:00
POL-00249,1,598.97,2025-08-01,PREMIUM_AUDIT,2025-08-31T23:09:00
POL-00250,0,6653.83,2025-08-01,BASE,2025-08-31T22:20:00
POL-00251,0,12476.98,2025-08-01,BASE,2025-08-31T22:21:00
POL-00252,0,9378.35,2025-08-01,BASE,2025-08-31T22:22:00
POL-00252,1,3919.7,2025-08-01,MIDTERM_CANCEL,2025-08-31T23:12:00
POL-00253,0,17005.2,2025-08-01,BASE,2025-08-31T22:23:00
POL-00253,2,211.35,2025-08-01,PREMIUM_AUDIT,2025-08-31T23:43:00
POL-00254,0,15530.76,2025-08-01,BASE,2025-08-31T22:24:00
POL-00255,0,3230.82,2025-08-01,BASE,2025-08-31T22:25:00
POL-00255,1,1708.43,2025-08-01,LIMIT_INCREASE,2025-08-31T23:15:00
POL-00256,0,21123.33,2025-08-01,BASE,2025-08-31T22:26:00
POL-00257,0,5324.51,2025-08-01,BASE,2025-08-31T22:27:00
POL-00258,0,5711.72,2025-08-01,BASE,2025-08-31T22:28:00
POL-00258,1,700.41,2025-08-01,MIDTERM_CANCEL,2025-08-31T23:18:00
POL-00259,0,22343.03,2025-08-01,BASE,2025-08-31T22:29:00
POL-00260,0,20808.09,2025-08-01,BASE,2025-08-31T22:30:00
POL-00261,0,11314.28,2025-08-01,BASE,2025-08-31T22:31:00
POL-00261,1,1366.91,2025-08-01,PREMIUM_AUDIT,2025-08-31T23:21:00
POL-00262,0,17919.8,2025-08-01,BASE,2025-08-31T22:32:00
POL-00263,0,5234.84,2025-08-01,BASE,2025-08-31T22:33:00
POL-00264,0,15134.03,2025-08-01,BASE,2025-08-31T22:34:00
POL-00264,1,4145.23,2025-08-01,PREMIUM_AUDIT,2025-08-31T23:24:00
POL-00264,2,1128.96,2025-08-01,PREMIUM_AUDIT,2025-08-31T23:34:00
POL-00265,0,13419.17,2025-08-01,BASE,2025-08-31T22:35:00
POL-00266,0,23855.66,2025-08-01,BASE,2025-08-31T22:36:00
POL-00267,0,24933.84,2025-08-01,BASE,2025-08-31T22:37:00
POL-00267,1,1356.93,2025-08-01,MIDTERM_CANCEL,2025-08-31T23:27:00
POL-00268,0,13552.3,2025-08-01,BASE,2025-08-31T22:38:00
POL-00269,0,17205.14,2025-08-01,BASE,2025-08-31T22:39:00
POL-00270,0,13848.9,2025-08-01,BASE,2025-08-31T22:40:00
POL-00270,1,574.61,2025-08-01,LIMIT_INCREASE,2025-08-31T23:00:00
POL-00271,0,2426.45,2025-08-01,BASE,2025-08-31T22:41:00
POL-00272,0,18378.25,2025-08-01,BASE,2025-08-31T22:42:00
POL-00273,0,23057.64,2025-08-01,BASE,2025-08-31T22:43:00
POL-00273,1,696.82,2025-08-01,MIDTERM_CANCEL,2025-08-31T23:03:00
POL-00274,0,19945.71,2025-08-01,BASE,2025-08-31T22:44:00
POL-00275,0,20856.73,2025-08-01,BASE,2025-08-31T22:45:00
POL-00275,2,1334.57,2025-08-01,PREMIUM_AUDIT,2025-08-31T23:45:00
POL-00276,0,19271.78,2025-08-01,BASE,2025-08-31T22:46:00
POL-00276,1,3988.39,2025-08-01,MIDTERM_CANCEL,2025-08-31T23:06:00
POL-00277,0,11374.25,2025-08-01,BASE,2025-08-31T22:47:00
POL-00278,0,11330.09,2025-08-01,BASE,2025-08-31T22:48:00
POL-00279,0,19687.08,2025-08-01,BASE,2025-08-31T22:49:00
POL-00279,1,1013.89,2025-08-01,LIMIT_INCREASE,2025-08-31T23:09:00
POL-00280,0,10930.83,2025-08-01,BASE,2025-08-31T22:10:00
POL-00281,0,4813.3,2025-08-01,BASE,2025-08-31T22:11:00
POL-00282,0,2298.55,2025-08-01,BASE,2025-08-31T22:12:00
POL-00282,1,912.44,2025-08-01,PREMIUM_AUDIT,2025-08-31T23:12:00
POL-00283,0,16382.43,2025-08-01,BASE,2025-08-31T22:13:00
POL-00284,0,20326.39,2025-08-01,BASE,2025-08-31T22:14:00
POL-00285,0,16333.54,2025-08-01,BASE,2025-08-31T22:15:00
POL-00285,1,4137.88,2025-08-01,MIDTERM_CANCEL,2025-08-31T23:15:00
POL-00286,0,18140.02,2025-08-01,BASE,2025-08-31T22:16:00
POL-00286,2,1335.71,2025-08-01,PREMIUM_AUDIT,2025-08-31T23:36:00
POL-00287,0,18935.55,2025-08-01,BASE,2025-08-31T22:17:00
POL-00288,0,20950.27,2025-08-01,BASE,2025-08-31T22:18:00
POL-00288,1,946.16,2025-08-01,LIMIT_INCREASE,2025-08-31T23:18:00
POL-00289,0,10302.58,2025-08-01,BASE,2025-08-31T22:19:00
POL-00290,0,6097.42,2025-08-01,BASE,2025-08-31T22:20:00
POL-00291,0,22513.54,2025-08-01,BASE,2025-08-31T22:21:00
POL-00291,1,2692.76,2025-08-01,MIDTERM_CANCEL,2025-08-31T23:21:00
POL-00292,0,23292.36,2025-08-01,BASE,2025-08-31T22:22:00
POL-00293,0,20276.63,2025-08-01,BASE,2025-08-31T22:23:00
POL-00294,0,20784.38,2025-08-01,BASE,2025-08-31T22:24:00
POL-00294,1,2772.28,2025-08-01,MIDTERM_CANCEL,2025-08-31T23:24:00
POL-00295,0,22218.66,2025-08-01,BASE,2025-08-31T22:25:00
POL-00296,0,3439.77,2025-08-01,BASE,2025-08-31T22:26:00
POL-00297,0,20853.48,2025-08-01,BASE,2025-08-31T22:27:00
POL-00297,1,2664.6,2025-08-01,PREMIUM_AUDIT,2025-08-31T23:27:00
POL-00297,2,1548.14,2025-08-01,PREMIUM_AUDIT,2025-08-31T23:47:00
POL-00298,0,2191.13,2025-08-01,BASE,2025-08-31T22:28:00
POL-00299,0,2309.26,2025-08-01,BASE,2025-08-31T22:29:00
POL-00300,0,13534.86,2025-08-01,BASE,2025-08-31T22:30:00
POL-00300,1,3573.6,2025-08-01,LIMIT_INCREASE,2025-08-31T23:00:00
POL-00301,0,3989.26,2025-08-01,BASE,2025-08-31T22:31:00
POL-00302,0,17232.37,2025-08-01,BASE,2025-08-31T22:32:00
POL-00303,0,23397.05,2025-08-01,BASE,2025-08-31T22:33:00
POL-00303,1,1008.54,2025-08-01,LIMIT_INCREASE,2025-08-31T23:03:00
POL-00304,0,24360.07,2025-08-01,BASE,2025-08-31T22:34:00
POL-00305,0,12062.59,2025-08-01,BASE,2025-08-31T22:35:00
POL-00306,0,8403.9,2025-08-01,BASE,2025-08-31T22:36:00
POL-00306,1,1823.37,2025-08-01,ADD_INSURED,2025-08-31T23:06:00
POL-00307,0,24826.03,2025-08-01,BASE,2025-08-31T22:37:00
POL-00308,0,7155.6,2025-08-01,BASE,2025-08-31T22:38:00
POL-00308,2,1543.12,2025-08-01,PREMIUM_AUDIT,2025-08-31T23:38:00
POL-00309,0,23246.47,2025-08-01,BASE,2025-08-31T22:39:00
POL-00309,1,2960.37,2025-08-01,LIMIT_INCREASE,2025-08-31T23:09:00
POL-00310,0,2393.75,2025-08-01,BASE,2025-08-31T22:40:00
POL-00311,0,11881.8,2025-08-01,BASE,2025-08-31T22:41:00
POL-00312,0,17273.55,2025-08-01,BASE,2025-08-31T22:42:00
POL-00312,1,2347.76,2025-08-01,LIMIT_INCREASE,2025-08-31T23:12:00
POL-00313,0,6619.6,2025-08-01,BASE,2025-08-31T22:43:00
POL-00314,0,9162.43,2025-08-01,BASE,2025-08-31T22:44:00
POL-00315,0,19655.22,2025-08-01,BASE,2025-08-31T22:45:00
POL-00315,1,1449.94,2025-08-01,MIDTERM_CANCEL,2025-08-31T23:15:00
POL-00316,0,18657.45,2025-08-01,BASE,2025-08-31T22:46:00
POL-00317,0,9040.07,2025-08-01,BASE,2025-08-31T22:47:00
POL-00318,0,5140.29,2025-08-01,BASE,2025-08-31T22:48:00
POL-00318,1,3205.47,2025-08-01,ADD_INSURED,2025-08-31T23:18:00
POL-00319,0,7632.74,2025-08-01,BASE,2025-08-31T22:49:00
POL-00319,2,1689.84,2025-08-01,PREMIUM_AUDIT,2025-08-31T23:49:00
POL-00320,0,17517.95,2025-08-01,BASE,2025-08-31T22:10:00
POL-00321,0,13224.33,2025-08-01,BASE,2025-08-31T22:11:00
POL-00321,1,3367.54,2025-08-01,ADD_INSURED,2025-08-31T23:21:00
POL-00322,0,20615.1,2025-08-01,BASE,2025-08-31T22:12:00
POL-00323,0,12778.2,2025-08-01,BASE,2025-08-31T22:13:00
POL-00324,0,13794.63,2025-08-01,BASE,2025-08-31T22:14:00
POL-00324,1,3500.71,2025-08-01,MIDTERM_CANCEL,2025-08-31T23:24:00
POL-00325,0,13802.16,2025-08-01,BASE,2025-08-31T22:15:00
POL-00326,0,7718.15,2025-08-01,BASE,2025-08-31T22:16:00
POL-00327,0,19914.37,2025-08-01,BASE,2025-08-31T22:17:00
POL-00327,1,3465.94,2025-08-01,MIDTERM_CANCEL,2025-08-31T23:27:00
POL-00328,0,19100.2,2025-08-01,BASE,2025-08-31T22:18:00
POL-00329,0,6779.87,2025-08-01,BASE,2025-08-31T22:19:00
POL-00330,0,7192.22,2025-08-01,BASE,2025-08-31T22:20:00
POL-00330,1,3887.99,2025-08-01,LIMIT_INCREASE,2025-08-31T23:00:00
POL-00330,2,1320.4,2025-08-01,PREMIUM_AUDIT,2025-08-31T23:40:00
POL-00331,0,14928.44,2025-08-01,BASE,2025-08-31T22:21:00
POL-00332,0,16496.48,2025-08-01,BASE,2025-08-31T22:22:00
POL-00333,0,11121.28,2025-08-01,BASE,2025-08-31T22:23:00
POL-00333,1,3621.5,2025-08-01,ADD_INSURED,2025-08-31T23:03:00
POL-00334,0,2769.17,2025-08-01,BASE,2025-08-31T22:24:00
POL-00335,0,7753.76,2025-08-01,BASE,2025-08-31T22:25:00
POL-00336,0,24344.51,2025-08-01,BASE,2025-08-31T22:26:00
POL-00336,1,2776.11,2025-08-01,LIMIT_INCREASE,2025-08-31T23:06:00
POL-00337,0,15643.37,2025-08-01,BASE,2025-08-31T22:27:00
POL-00338,0,18226.4,2025-08-01,BASE,2025-08-31T22:28:00
POL-00339,0,11857.64,2025-08-01,BASE,2025-08-31T22:29:00
POL-00339,1,3272.26,2025-08-01,MIDTERM_CANCEL,2025-08-31T23:09:00
POL-00340,0,13108.21,2025-08-01,BASE,2025-08-31T22:30:00
POL-00341,0,16159.23,2025-08-01,BASE,2025-08-31T22:31:00
POL-00341,2,1203.68,2025-08-01,PREMIUM_AUDIT,2025-08-31T23:31:00
POL-00342,0,11715.31,2025-08-01,BASE,2025-08-31T22:32:00
POL-00342,1,421.75,2025-08-01,PREMIUM_AUDIT,2025-08-31T23:12:00
POL-00343,0,14993.86,2025-08-01,BASE,2025-08-31T22:33:00
POL-00344,0,12253.26,2025-08-01,BASE,2025-08-31T22:34:00
POL-00345,0,20218.13,2025-08-01,BASE,2025-08-31T22:35:00
POL-00345,1,3807.06,2025-08-01,ADD_INSURED,2025-08-31T23:15:00
POL-00346,0,2166.12,2025-08-01,BASE,2025-08-31T22:36:00
POL-00347,0,6054.87,2025-08-01,BASE,2025-08-31T22:37:00
POL-00348,0,21879.69,2025-08-01,BASE,2025-08-31T22:38:00
POL-00348,1,3173.69,2025-08-01,PREMIUM_AUDIT,2025-08-31T23:18:00
POL-00349,0,21567.72,2025-08-01,BASE,2025-08-31T22:39:00
POL-00350,0,2594.26,2025-08-01,BASE,2025-08-31T22:40:00
POL-00351,0,5742.03,2025-08-01,BASE,2025-08-31T22:41:00
POL-00351,1,1077.53,2025-08-01,PREMIUM_AUDIT,2025-08-31T23:21:00
POL-00352,0,8236.41,2025-08-01,BASE,2025-08-31T22:42:00
POL-00352,2,86.25,2025-08-01,PREMIUM_AUDIT,2025-08-31T23:42:00
POL-00353,0,5989.32,2025-08-01,BASE,2025-08-31T22:43:00
POL-00354,0,20622.05,2025-08-01,BASE,2025-08-31T22:44:00
POL-00354,1,2625.35,2025-08-01,ADD_INSURED,2025-08-31T23:24:00
POL-00355,0,6453.91,2025-08-01,BASE,2025-08-31T22:45:00
POL-00356,0,9567.2,2025-08-01,BASE,2025-08-31T22:46:00
POL-00357,0,12941.63,2025-08-01,BASE,2025-08-31T22:47:00
POL-00357,1,2122.15,2025-08-01,LIMIT_INCREASE,2025-08-31T23:27:00
POL-00358,0,4339.67,2025-08-01,BASE,2025-08-31T22:48:00
POL-00359,0,11569.34,2025-08-01,BASE,2025-08-31T22:49:00
POL-00360,0,8689.13,2025-08-01,BASE,2025-08-31T22:10:00
POL-00360,1,3230.19,2025-08-01,PREMIUM_AUDIT,2025-08-31T23:00:00
POL-00361,0,16588.64,2025-08-01,BASE,2025-08-31T22:11:00
POL-00362,0,23778.83,2025-08-01,BASE,2025-08-31T22:12:00
POL-00363,0,10930.28,2025-08-01,BASE,2025-08-31T22:13:00
POL-00363,1,596.75,2025-08-01,LIMIT_INCREASE,2025-08-31T23:03:00
POL-00363,2,913.33,2025-08-01,PREMIUM_AUDIT,2025-08-31T23:33:00
POL-00364,0,24870.15,2025-08-01,BASE,2025-08-31T22:14:00
POL-00365,0,20767.82,2025-08-01,BASE,2025-08-31T22:15:00
POL-00366,0,20194.02,2025-08-01,BASE,2025-08-31T22:16:00
POL-00366,1,2300.82,2025-08-01,LIMIT_INCREASE,2025-08-31T23:06:00
POL-00367,0,22364.4,2025-08-01,BASE,2025-08-31T22:17:00
POL-00368,0,14330.8,2025-08-01,BASE,2025-08-31T22:18:00
POL-00369,0,19887.8,2025-08-01,BASE,2025-08-31T22:19:00
POL-00369,1,3540.97,2025-08-01,ADD_INSURED,2025-08-31T23:09:00
POL-00370,0,11492.63,2025-08-01,BASE,2025-08-31T22:20:00
POL-00371,0,10938.22,2025-08-01,BASE,2025-08-31T22:21:00
POL-00372,0,16117.65,2025-08-01,BASE,2025-08-31T22:22:00
POL-00372,1,3148.09,2025-08-01,MIDTERM_CANCEL,2025-08-31T23:12:00
POL-00373,0,7413.36,2025-08-01,BASE,2025-08-31T22:23:00
POL-00374,0,16888.28,2025-08-01,BASE,2025-08-31T22:24:00
POL-00374,2,788.85,2025-08-01,PREMIUM_AUDIT,2025-08-31T23:44:00
POL-00375,0,2728.55,2025-08-01,BASE,2025-08-31T22:25:00
POL-00375,1,1136.75,2025-08-01,LIMIT_INCREASE,2025-08-31T23:15:00
POL-00376,0,8112.81,2025-08-01,BASE,2025-08-31T22:26:00
POL-00377,0,15754.21,2025-08-01,BASE,2025-08-31T22:27:00
POL-00378,0,7558.6,2025-08-01,BASE,2025-08-31T22:28:00
POL-00378,1,4112.46,2025-08-01,PREMIUM_AUDIT,2025-08-31T23:18:00
POL-00379,0,23375.23,2025-08-01,BASE,2025-08-31T22:29:00
POL-00380,0,22521.79,2025-08-01,BASE,2025-08-31T22:30:00
POL-00381,0,16146.56,2025-08-01,BASE,2025-08-31T22:31:00
POL-00381,1,3516.46,2025-08-01,ADD_INSURED,2025-08-31T23:21:00
POL-00382,0,22473.17,2025-08-01,BASE,2025-08-31T22:32:00
POL-00383,0,8011.5,2025-08-01,BASE,2025-08-31T22:33:00
POL-00384,0,3296.24,2025-08-01,BASE,2025-08-31T22:34:00
POL-00384,1,3050.0,2025-08-01,LIMIT_INCREASE,2025-08-31T23:24:00
POL-00385,0,9842.09,2025-08-01,BASE,2025-08-31T22:35:00
POL-00385,2,1755.49,2025-08-01,PREMIUM_AUDIT,2025-08-31T23:35:00
POL-00386,0,14634.15,2025-08-01,BASE,2025-08-31T22:36:00
POL-00387,0,3044.21,2025-08-01,BASE,2025-08-31T22:37:00
POL-00387,1,3700.02,2025-08-01,ADD_INSURED,2025-08-31T23:27:00
POL-00388,0,22914.0,2025-08-01,BASE,2025-08-31T22:38:00
POL-00389,0,7200.47,2025-08-01,BASE,2025-08-31T22:39:00
POL-00390,0,4772.9,2025-08-01,BASE,2025-08-31T22:40:00
POL-00390,1,1920.81,2025-08-01,ADD_INSURED,2025-08-31T23:00:00
POL-00391,0,5767.26,2025-08-01,BASE,2025-08-31T22:41:00
POL-00392,0,4756.38,2025-08-01,BASE,2025-08-31T22:42:00
POL-00393,0,4095.93,2025-08-01,BASE,2025-08-31T22:43:00
POL-00393,1,3927.43,2025-08-01,MIDTERM_CANCEL,2025-08-31T23:03:00
POL-00394,0,14173.05,2025-08-01,BASE,2025-08-31T22:44:00
POL-00395,0,7453.82,2025-08-01,BASE,2025-08-31T22:45:00
POL-00396,0,6637.48,2025-08-01,BASE,2025-08-31T22:46:00
POL-00396,1,448.39,2025-08-01,LIMIT_INCREASE,2025-08-31T23:06:00
POL-00396,2,1041.87,2025-08-01,PREMIUM_AUDIT,2025-08-31T23:46:00
POL-00397,0,21227.26,2025-08-01,BASE,2025-08-31T22:47:00
POL-00398,0,9169.04,2025-08-01,BASE,2025-08-31T22:48:00
POL-00399,0,19756.97,2025-08-01,BASE,2025-08-31T22:49:00
POL-00399,1,225.17,2025-08-01,LIMIT_INCREASE,2025-08-31T23:09:00
POL-00400,0,13030.83,2025-08-01,BASE,2025-08-31T22:10:00
